id,FirstName,LastName,Email,Department,Avatar
1,Nonie,Morgue,nmorgue0@disqus.com,Research and Development,https://robohash.org/autautea.png?size=100x100&set=set1
2,Krishna,Lowe,klowe1@nymag.com,Research and Development,https://robohash.org/saepeadipiscifugit.png?size=100x100&set=set1
3,Orville,Williamson,owilliamson2@washingtonpost.com,Research and Development,https://robohash.org/atquerepudiandaecorporis.png?size=100x100&set=set1
4,Dwayne,Itzkovici,ditzkovici3@phpbb.com,Product Management,https://robohash.org/liberotemporibusalias.png?size=100x100&set=set1
5,Shelbi,Jerisch,sjerisch4@craigslist.org,Research and Development,https://robohash.org/enimsapienteillum.png?size=100x100&set=set1
6,Jerrilee,Witcherley,jwitcherley5@1und1.de,Services,https://robohash.org/omnisillumnostrum.png?size=100x100&set=set1
7,Caritta,Kobpac,ckobpac6@goo.ne.jp,Marketing,https://robohash.org/adipiscisequidolor.png?size=100x100&set=set1
8,Quincey,McCague,qmccague7@facebook.com,Human Resources,https://robohash.org/aliquamquassunt.png?size=100x100&set=set1
9,Aharon,Cundey,acundey8@yahoo.com,Accounting,https://robohash.org/eaquiserror.png?size=100x100&set=set1
10,Neila,Anthill,nanthill9@posterous.com,Services,https://robohash.org/dolorconsecteturdeleniti.png?size=100x100&set=set1
11,Cinnamon,Broader,cbroadera@theglobeandmail.com,Business Development,https://robohash.org/veroculpadolore.png?size=100x100&set=set1
12,Godfrey,Tampin,gtampinb@example.com,Business Development,https://robohash.org/autveritatisquibusdam.png?size=100x100&set=set1
13,Olimpia,Andrelli,oandrellic@t-online.de,Support,https://robohash.org/utvoluptasdolorum.png?size=100x100&set=set1
14,Grissel,Ebbles,gebblesd@fema.gov,Human Resources,https://robohash.org/odioinqui.png?size=100x100&set=set1
15,Beckie,Sutherley,bsutherleye@bing.com,Sales,https://robohash.org/saepedelenitivoluptas.png?size=100x100&set=set1
16,Drusie,Schohier,dschohierf@dion.ne.jp,Sales,https://robohash.org/aspernaturautdicta.png?size=100x100&set=set1
17,Aida,Heister,aheisterg@soup.io,Sales,https://robohash.org/dolornobisratione.png?size=100x100&set=set1
18,Valentia,Leake,vleakeh@umn.edu,Services,https://robohash.org/estnihilsuscipit.png?size=100x100&set=set1
19,Octavius,Gellately,ogellatelyi@spotify.com,Training,https://robohash.org/abperspiciatismagnam.png?size=100x100&set=set1
20,Erwin,Mandy,emandyj@webs.com,Product Management,https://robohash.org/blanditiisvoluptasrerum.png?size=100x100&set=set1
21,Armand,Devenport,adevenportk@google.fr,Engineering,https://robohash.org/auteavel.png?size=100x100&set=set1
22,Bartel,Torel,btorell@mit.edu,Research and Development,https://robohash.org/consequuntureveniethic.png?size=100x100&set=set1
23,Auberta,Ludgate,aludgatem@ning.com,Research and Development,https://robohash.org/fugitmagnamhic.png?size=100x100&set=set1
24,Claudian,Sendall,csendalln@bizjournals.com,Support,https://robohash.org/voluptatumetet.png?size=100x100&set=set1
25,Saw,Darrell,sdarrello@auda.org.au,Engineering,https://robohash.org/cupiditateestsoluta.png?size=100x100&set=set1
26,Arv,Narracott,anarracottp@dedecms.com,Research and Development,https://robohash.org/quosconsequaturqui.png?size=100x100&set=set1
27,Silvia,Clouston,scloustonq@ow.ly,Sales,https://robohash.org/temporibusperspiciatiscommodi.png?size=100x100&set=set1
28,Fabio,Artist,fartistr@fda.gov,Support,https://robohash.org/eoseosdoloremque.png?size=100x100&set=set1
29,Eldredge,Lent,elents@wikimedia.org,Sales,https://robohash.org/nihiloptiout.png?size=100x100&set=set1
30,Arlin,Goodlett,agoodlettt@yellowbook.com,Business Development,https://robohash.org/solutaarchitectovoluptate.png?size=100x100&set=set1
31,Fenelia,Keyse,fkeyseu@mac.com,Legal,https://robohash.org/teneturquidemexercitationem.png?size=100x100&set=set1
32,Merilyn,Shawl,mshawlv@is.gd,Training,https://robohash.org/eligenditotamdelectus.png?size=100x100&set=set1
33,Maryellen,Wadelin,mwadelinw@bravesites.com,Accounting,https://robohash.org/dolorevoluptatibusaut.png?size=100x100&set=set1
34,Blondie,Vanyukov,bvanyukovx@vinaora.com,Sales,https://robohash.org/delenitiomnisperferendis.png?size=100x100&set=set1
35,Leon,Liccardo,lliccardoy@unicef.org,Engineering,https://robohash.org/nostrumharumeveniet.png?size=100x100&set=set1
36,Theodosia,Burney,tburneyz@mac.com,Engineering,https://robohash.org/corporisquibusdamnisi.png?size=100x100&set=set1
37,Tiffany,Benedyktowicz,tbenedyktowicz10@indiatimes.com,Accounting,https://robohash.org/laudantiumillorepellendus.png?size=100x100&set=set1
38,Salomon,Wathey,swathey11@fc2.com,Business Development,https://robohash.org/similiquerepellatitaque.png?size=100x100&set=set1
39,Fidelio,Meineking,fmeineking12@cbsnews.com,Sales,https://robohash.org/utmaximeet.png?size=100x100&set=set1
40,Ford,De Micoli,fdemicoli13@earthlink.net,Support,https://robohash.org/doloresomnisaut.png?size=100x100&set=set1
41,Bridie,Stebbings,bstebbings14@bbc.co.uk,Accounting,https://robohash.org/nostrumdoloremqueillum.png?size=100x100&set=set1
42,Theressa,Karpets,tkarpets15@cmu.edu,Business Development,https://robohash.org/porroenimdolorem.png?size=100x100&set=set1
43,Twyla,Leivesley,tleivesley16@prlog.org,Services,https://robohash.org/earumquiaest.png?size=100x100&set=set1
44,Alane,Croney,acroney17@purevolume.com,Product Management,https://robohash.org/voluptatevoluptatemexcepturi.png?size=100x100&set=set1
45,Althea,Urrey,aurrey18@seesaa.net,Sales,https://robohash.org/possimusvoluptatesquas.png?size=100x100&set=set1
46,Desiri,Phifer,dphifer19@yale.edu,Business Development,https://robohash.org/magnamaliasveritatis.png?size=100x100&set=set1
47,Cicily,Meecher,cmeecher1a@walmart.com,Services,https://robohash.org/idquaesint.png?size=100x100&set=set1
48,Harriott,Upstone,hupstone1b@bloglines.com,Business Development,https://robohash.org/magnipariaturdolor.png?size=100x100&set=set1
49,Cloe,Esler,cesler1c@reddit.com,Marketing,https://robohash.org/quaevelitoccaecati.png?size=100x100&set=set1
50,Matelda,Forsdike,mforsdike1d@skyrock.com,Training,https://robohash.org/cumqueipsamiste.png?size=100x100&set=set1
51,Deirdre,Trigwell,dtrigwell1e@canalblog.com,Services,https://robohash.org/similiqueatqueeos.png?size=100x100&set=set1
52,Edgar,de Mendoza,edemendoza1f@latimes.com,Legal,https://robohash.org/impeditnesciuntomnis.png?size=100x100&set=set1
53,Neely,McNicol,nmcnicol1g@i2i.jp,Legal,https://robohash.org/quodeaunde.png?size=100x100&set=set1
54,Henrik,Finding,hfinding1h@dell.com,Human Resources,https://robohash.org/cumcorruptimollitia.png?size=100x100&set=set1
55,Nevil,Brodest,nbrodest1i@surveymonkey.com,Human Resources,https://robohash.org/voluptatumoptiominima.png?size=100x100&set=set1
56,Bartholemy,Murr,bmurr1j@salon.com,Business Development,https://robohash.org/delectusnumquamnihil.png?size=100x100&set=set1
57,Kalil,Scragg,kscragg1k@gov.uk,Product Management,https://robohash.org/aliaseteaque.png?size=100x100&set=set1
58,Abigail,Cavalier,acavalier1l@europa.eu,Product Management,https://robohash.org/iustoundeperspiciatis.png?size=100x100&set=set1
59,Zacharie,Lambert-Ciorwyn,zlambertciorwyn1m@merriam-webster.com,Accounting,https://robohash.org/inipsumnihil.png?size=100x100&set=set1
60,Wallis,Sturges,wsturges1n@nytimes.com,Training,https://robohash.org/omnisprovidentaperiam.png?size=100x100&set=set1
61,Marion,Sleeny,msleeny1o@blogger.com,Human Resources,https://robohash.org/perferendisminimasimilique.png?size=100x100&set=set1
62,Banky,Rudolph,brudolph1p@state.gov,Research and Development,https://robohash.org/debitisvoluptasenim.png?size=100x100&set=set1
63,Bernadine,Kennermann,bkennermann1q@issuu.com,Research and Development,https://robohash.org/omnisvoluptatumquidem.png?size=100x100&set=set1
64,Kiri,Tattershaw,ktattershaw1r@dagondesign.com,Product Management,https://robohash.org/quisetcupiditate.png?size=100x100&set=set1
65,Shanta,Collaton,scollaton1s@cbc.ca,Training,https://robohash.org/rerumaccusantiumea.png?size=100x100&set=set1
66,Conrade,Sor,csor1t@angelfire.com,Engineering,https://robohash.org/sapientedoloremquidem.png?size=100x100&set=set1
67,Kristo,Mankor,kmankor1u@blinklist.com,Accounting,https://robohash.org/autevenietpariatur.png?size=100x100&set=set1
68,Janaye,Eacott,jeacott1v@digg.com,Business Development,https://robohash.org/atquelaborumquidem.png?size=100x100&set=set1
69,Myriam,Flecknoe,mflecknoe1w@csmonitor.com,Training,https://robohash.org/odioutsed.png?size=100x100&set=set1
70,Griswold,Bumphrey,gbumphrey1x@hp.com,Legal,https://robohash.org/nihildoloremab.png?size=100x100&set=set1
71,Rebeka,Shovel,rshovel1y@paypal.com,Research and Development,https://robohash.org/mollitiaipsaeligendi.png?size=100x100&set=set1
72,Saidee,Baulk,sbaulk1z@google.fr,Product Management,https://robohash.org/remquiacorporis.png?size=100x100&set=set1
73,Colene,Bogart,cbogart20@eventbrite.com,Research and Development,https://robohash.org/nonanimibeatae.png?size=100x100&set=set1
74,Vera,Liff,vliff21@twitter.com,Human Resources,https://robohash.org/explicaboquasiinventore.png?size=100x100&set=set1
75,Euphemia,Frantzen,efrantzen22@psu.edu,Marketing,https://robohash.org/quosdeseruntsimilique.png?size=100x100&set=set1
76,Garrard,Feaveryear,gfeaveryear23@slashdot.org,Legal,https://robohash.org/velitnamnecessitatibus.png?size=100x100&set=set1
77,Halsey,Yoxall,hyoxall24@instagram.com,Sales,https://robohash.org/corruptivelitarchitecto.png?size=100x100&set=set1
78,Raphael,Acott,racott25@twitter.com,Support,https://robohash.org/quisveniamunde.png?size=100x100&set=set1
79,Dina,Jessel,djessel26@gravatar.com,Research and Development,https://robohash.org/velitestmolestiae.png?size=100x100&set=set1
80,Kerry,Scutter,kscutter27@livejournal.com,Engineering,https://robohash.org/eterrorfugiat.png?size=100x100&set=set1
81,Gianina,Dayce,gdayce28@cnbc.com,Training,https://robohash.org/ullametrerum.png?size=100x100&set=set1
82,Claudio,Craisford,ccraisford29@cnn.com,Accounting,https://robohash.org/doloribuscommodiincidunt.png?size=100x100&set=set1
83,Otis,Farren,ofarren2a@wunderground.com,Marketing,https://robohash.org/doloresmolestiasest.png?size=100x100&set=set1
84,Gertie,Braam,gbraam2b@shinystat.com,Engineering,https://robohash.org/evenietaliasvelit.png?size=100x100&set=set1
85,Petr,Phette,pphette2c@ibm.com,Business Development,https://robohash.org/sedcorruptiad.png?size=100x100&set=set1
86,Willow,Thiem,wthiem2d@prweb.com,Legal,https://robohash.org/possimusporroconsequatur.png?size=100x100&set=set1
87,Nelie,Hynes,nhynes2e@gizmodo.com,Engineering,https://robohash.org/animiinrepellat.png?size=100x100&set=set1
88,Jasmine,Beri,jberi2f@wunderground.com,Services,https://robohash.org/rerumvoluptatemodi.png?size=100x100&set=set1
89,Sibella,Bonham,sbonham2g@cbslocal.com,Human Resources,https://robohash.org/inciduntesterror.png?size=100x100&set=set1
90,Magda,Piola,mpiola2h@nhs.uk,Services,https://robohash.org/sedatquos.png?size=100x100&set=set1
91,Shermie,Maudlin,smaudlin2i@cyberchimps.com,Services,https://robohash.org/autetquisquam.png?size=100x100&set=set1
92,Dulcea,Barbary,dbarbary2j@i2i.jp,Research and Development,https://robohash.org/consecteturnihilvoluptatem.png?size=100x100&set=set1
93,Keefer,Habben,khabben2k@state.gov,Business Development,https://robohash.org/maximedoloreut.png?size=100x100&set=set1
94,Dorothy,Allanby,dallanby2l@mediafire.com,Support,https://robohash.org/minusidet.png?size=100x100&set=set1
95,Tobias,Kippax,tkippax2m@so-net.ne.jp,Engineering,https://robohash.org/quiavelpossimus.png?size=100x100&set=set1
96,Burty,Greenlies,bgreenlies2n@fotki.com,Support,https://robohash.org/laudantiumfugacupiditate.png?size=100x100&set=set1
97,Harrison,Engall,hengall2o@google.ru,Engineering,https://robohash.org/esseitaquemagni.png?size=100x100&set=set1
98,Joaquin,Stimson,jstimson2p@un.org,Business Development,https://robohash.org/sintmolestiaefacere.png?size=100x100&set=set1
99,Retha,Petyanin,rpetyanin2q@shareasale.com,Training,https://robohash.org/explicaboautest.png?size=100x100&set=set1
100,Kerstin,Wakely,kwakely2r@google.de,Engineering,https://robohash.org/saepeconsecteturdoloremque.png?size=100x100&set=set1
